{
    "definitions-part-1_key1": "# मूल परिभाषाएं\n\n\n\n",
    "definitions-part-1_key2": "### कार्यक्रम\n\n\n\n",
    "definitions-part-1_key3": "**निर्देशों के समूह को प्रोग्राम कहा जाता है।**\n",
    "definitions-part-1_key4": "उदाहरण :-\n",
    "definitions-part-1_key5": "`Output`\n",
    "definitions-part-1_key6": "14\n",
    "definitions-part-1_key7": "`Real Life Example :-`\n",
    "definitions-part-1_key8": "उदाहरण के लिए यदि हम चाय बनाना चाहते हैं, तो हम सबसे पहले चाय बनाने के लिए आवश्यक सभी सामग्री जैसे चीनी, चाय की पत्ती, दूध एकत्र करेंगे, ये सभी निर्देश हैं जो बताते हैं कि चाय बनाने के लिए क्या आवश्यक है।\n",
    "definitions-part-1_key9": "एक अन्य उदाहरण, यदि हम बाजार जाना चाहते हैं, तो यह एक कार्यक्रम है और बाजार जाने के लिए हम जिस मार्ग का अनुसरण करते हैं उसे प्रोग्रामिंग कहते हैं।\n",
    "definitions-part-1_key10": "नोट- कार्यक्रम के बारे में विस्तार से जानने के लिए कृपया इस लिंक पर जाएँ।\n",
    "definitions-part-1_key11": "कार्यक्रम\n",
    "definitions-part-1_key12": "### प्रोग्रामिंग\n\n\n",
    "definitions-part-1_key13": "किसी भी कार्य को करने की प्रक्रिया प्रोग्रामिंग कहलाती है।\n",
    "definitions-part-1_key14": "उदाहरण :-\n",
    "definitions-part-1_key15": "चाय बनाने की प्रक्रिया में।\n",
    "definitions-part-1_key16": "जैसे पहले हम एक कटोरा लेते हैं, उसमें पानी, चीनी, चाय की पत्ती और दूध डालकर उबालते हैं, इसलिए चाय तैयार हो जाती है। इसी प्रकार कंप्यूटर प्रोग्रामिंग करने के लिए हमें कुछ नियमों का पालन करने की आवश्यकता है जिनका अध्ययन हम आज करेंगे।\n",
    "definitions-part-1_key17": "`Output`\n",
    "definitions-part-1_key18": "12\n",
    "definitions-part-1_key19": "इस उदाहरण में हम a और b जोड़ रहे हैं, यहां जोड़ने के लिए एक प्रक्रिया है और इस प्रक्रिया को प्रोग्रामिंग कहा जाता है। हम जो भी काम करते हैं, उस काम को करने की प्रक्रिया प्रोग्रामिंग कहलाती है।\n",
    "definitions-part-1_key20": "प्रोग्रामिंग\n",
    "definitions-part-1_key21": "### उच्च स्तरीय भाषा\n\n\n",
    "definitions-part-1_key22": "उच्च स्तरीय भाषा वह भाषा है जिसे मनुष्य आसानी से समझ सकता है लेकिन कंप्यूटर नहीं।\n",
    "definitions-part-1_key23": "उदाहरण\n",
    "definitions-part-1_key24": " जैसे हम अंग्रेजी समझ सकते हैं लेकिन कंप्यूटर अंग्रेजी नहीं समझ सकते। कंप्यूटर 0 और 1 को समझता है।\n",
    "definitions-part-1_key25": "### निम्न स्तर की भाषा\n\n\n",
    "definitions-part-1_key26": "निम्न स्तर की भाषा को मशीनी भाषा भी कहा जाता है जो 1 या 0 से बनी होती है, मनुष्य निम्न स्तर की भाषा नहीं समझ सकता लेकिन कंप्यूटर आसानी से समझ सकता है।\n",
    "definitions-part-1_key27": "उच्च या निम्न स्तर की भाषा\n",
    "definitions-part-1_key28": "### `Syntax`\n\n\n",
    "definitions-part-1_key29": "`Syntax` बिल्कुल `python` व्याकरण की तरह है। यह नियमों का एक सेट है जो बताता है कि कैसे लिखना और चलाना है `python` `code`।\n",
    "definitions-part-1_key30": "उदाहरण\n",
    "definitions-part-1_key31": " मान लीजिए आपने अंग्रेजी में (`Python` Awesome) लिखा है, क्या आपको लगता है कि यह व्याकरण की दृष्टि से सही है या इसमें कुछ कमी है?\nहां, आप सही हैं, यह वाक्य व्याकरणिक रूप से गलत है (`python` बहुत बढ़िया है) यह वाक्य सही है, जैसे अंग्रेजी में, व्याकरण के कुछ नियम होते हैं जैसे कुछ `python` `code` कुछ `syntax` नियम हैं, जैसे `code` लिखते समय यदि हम कोई प्रतीक, कोलन (:) या कोष्ठक () आदि रखना भूल जाते हैं, तो यह `syntax` `error` का संदेश प्रदर्शित करेगा।\n",
    "definitions-part-1_key32": "उदाहरण :\n",
    "definitions-part-1_key33": "`Output`\n",
    "definitions-part-1_key34": "`Syntax` `Error`: पार्स करते समय अप्रत्याशित EOF\n",
    "definitions-part-1_key35": "`Output`\n",
    "definitions-part-1_key36": "`Syntax` `Error`: अमान्य `syntax`\n",
    "definitions-part-1_key37": "इस उदाहरण में आपने देखा कि छपाई करते समय मैं एक कोष्ठक लगाना भूल गया, इसके परिणामस्वरूप यह `syntax` `error` दिखा रहा है।\n",
    "definitions-part-1_key38": "### कलन विधि\n\n\n",
    "definitions-part-1_key39": "एल्गोरिथम किसी भी समस्या को हल करने के लिए एक कदम दर कदम प्रक्रिया है। इसकी मदद से हम समस्या को छोटे-छोटे हिस्सों में तोड़ते हैं और फिर उसका समाधान करते हैं। इसे किसी भी समस्या को हल करने की प्रक्रिया या सूत्र के रूप में भी परिभाषित किया जा सकता है\n समस्या या कार्य।\n",
    "definitions-part-1_key40": "उदाहरण :\n",
    "definitions-part-1_key41": "यदि हम कुकीज बनाना चाहते हैं, तो पहले हम सभी सामग्री एकत्र करते हैं और फिर हम इसे स्टेप बाय स्टेप बनाएंगे, अगर हम कोई स्टेप मिस करते हैं तो कुकीज़ स्वादिष्ट या अच्छी नहीं होंगी।\n",
    "definitions-part-1_key42": "चाय बनाने के लिए सबसे पहले हम लेंगे\n",
    "definitions-part-1_key43": "एक कटोरी\nफिर पानी\nचीनी और चाय पत्ती\nदूध\n",
    "definitions-part-1_key44": "जैसा कि आपने ऊपर देखा कि हमने चाय बनाने के लिए आवश्यक सामग्री की एक सूची बनाई है यानी हमने चाय बनाने के लिए सभी चीजें एकत्र की हैं। इसे एल्गोरिथम कहा जाता है, यहां हमने चीजों को कदम से उठाया है।\n",
    "definitions-part-1_key45": "कलन विधि\n"
}