{
    "how-to-begin_key1": "नाम: कैसे शुरू करें?\n",
    "how-to-begin_key2": "# इस कोर्स को कैसे शुरू करें?\n\n\n",
    "how-to-begin_key3": "'Python' का उपयोग कैसे करें? समझने के लिए कृपया यह वीडियो देखें।\n",
    "how-to-begin_key4": "जब आप इस पाठ्यक्रम में आगे बढ़ेंगे, तो आपको `python` `code` के उदाहरण विभिन्न तरीकों से मिलेंगे। आपको इन उदाहरणों को **`python` `shell`** पर चलाना होगा।\n",
    "how-to-begin_key5": "अपने लैपटॉप में **`python` `shell`** खोलें।\n",
    "how-to-begin_key6": "ऊपर दिए गए `code` का चयन करें, एक साथ Ctrl + C दबाएं ताकि `code` कॉपी हो जाए और फिर आप `terminal` पर जा सकें और इस `code` को Ctrl + Shift दबाकर पेस्ट कर सकें। + वी `terminal` पर।\n",
    "how-to-begin_key7": "यदि आप इसे `code` लाइन दर लाइन चलाएंगे, तो आप `code` लाइन दर लाइन को समझ पाएंगे।\n",
    "how-to-begin_key8": "यह पूरा `code` 4-5 विभिन्न कार्य कर रहा है, हम इस `code` को भागों में कैसे तोड़ सकते हैं और समझ सकते हैं, यह विधि नीचे दी गई है और यह भविष्य में आपकी मदद करने वाली है।\n",
    "how-to-begin_key9": "यह पहली पंक्ति है, इस लाइन को `terminal` पर चलाएं, आप `terminal` पर कुछ देख पाएंगे।\n",
    "how-to-begin_key10": "कृपया इस दूसरे `code` को `Terminal` पर चलाएं और देखें कि वहां क्या होता है?\n",
    "how-to-begin_key11": "अब इस लाइन को `Terminal` पर अलग से चलाएं और देखें कि वहां क्या होता है?\n",
    "how-to-begin_key12": "अब इस `code` को एक साथ `Terminal` पर कॉपी पेस्ट करें और देखें कि वहां क्या होता है?\n",
    "how-to-begin_key13": "इस लाइन में क्या हो रहा है, आप बाद में समझ पाएंगे? लेकिन इस `code` को चलाएं और समझने की कोशिश करें।\n",
    "how-to-begin_key14": "इसे `Terminal` पर कॉपी पेस्ट करें और इसे रोकने के लिए `Terminal` पर एक साथ Ctrl + C दबाएं।\n",
    "how-to-begin_key15": "अब इसे `code` चलाएं और ऊपर और नीचे दिए गए `code` के बीच के अंतर को पहचानने की कोशिश करें।\n",
    "how-to-begin_key16": "अब इस `code` को एक साथ चलाएं और इस `code` को रोकने के लिए आप क्या करेंगे?\n",
    "how-to-begin_key17": "अब सोचिए कि ऊपर दिए गए `code` को रोकने के लिए आप क्या करेंगे?\n",
    "how-to-begin_key18": "इसी प्रकार, इस प्रकार पूरे पाठ्यक्रम में केवल `codes` लिखा जाएगा। आपको `code` इसी तरह से चलाने की आवश्यकता होगी। इसे चलाने के लिए `code` आपको अपने लैपटॉप पर `application` नाम का एक `Terminal` खोलना होगा। इसे खोलने के बाद, आपको `python` `code` टाइप करना होगा और फिर इसे चलाना होगा।\n",
    "how-to-begin_key19": "## बहुत महत्वपूर्ण नियम\n\n",
    "how-to-begin_key20": "`Execute` प्रत्येक उदाहरण **`python` `shell`** पर। अगर आप ऐसा नहीं कर रहे हैं तो आप खुद को बेवकूफ बना रहे हैं।\n",
    "how-to-begin_key21": "`code` को कॉपी-पेस्ट करने से आप ठीक से समझ नहीं पाएंगे। आपको प्रत्येक `code` खुद से लिखना चाहिए और फिर उसे चलाना चाहिए।\n",
    "how-to-begin_key22": "UPPER CASE या **बोल्ड लेटर्स** में लिखे गए शब्द बहुत महत्वपूर्ण हैं। उन्हें जानें, आप उनसे कई बार मिलेंगे।\n",
    "how-to-begin_key23": "कोर्स के दौरान आपको कई जगहों पर कुछ सवालों के जवाब देने होंगे। उत्तर देने के लिए आप `upload` `file` कर सकते हैं।\n"
}