{
	"why_key1": "name: Why do I need to learn Python  ??\n",
	"why_key2": "### Difference Between `Python2` and `Python3`\n\n\n",
	"why_key3": "**`Python2`**\n",
	"why_key4": "This is old version of `python` .\n",
	"why_key5": "`Python2` has one print `statement`.\n",
	"why_key6": "In `Python2` while printing we write like this ,\n\n\n\n",
	"why_key7": "In `Python2` we use raw_`input` ka use for user `input`.\n\n\n",
	"why_key8": "`Python2` has 31 `key`words .\n\n\n\n\n",
	"why_key9": "**`Python3`**\n",
	"why_key10": "This is the new version of `python` .\n",
	"why_key11": "`Python3` has one print() .\n",
	"why_key12": "In `Python3` me while  printing  we use parentheses () .\n",
	"why_key13": "In `Python3` we use `input` for user's `input` .\n",
	"why_key14": "`Python3` has 35 `key`words .\n"
}