{
    "comments_key1": "नाम: टिप्पणियाँ लिखना सीखें\n",
    "comments_key2": "हम किसी भी प्रोग्राम में कमेंट लिख सकते हैं। जब हम *प्रोग्राम* चलाते हैं तो इन टिप्पणियों को *`execute`d* नहीं मिलता है।\n",
    "comments_key3": "टिप्पणियाँ हमारी समझ के लिए लिखी जाती हैं, और उन लोगों के लिए जो हमारे साथ 'Y29kZQ ==' पर काम कर रहे हैं या जिन लोगों के साथ हम बाद में काम करेंगे आदि। इन सभी लोगों की समझ के लिए, टिप्पणियों का उपयोग किया जाता है।\n",
    "comments_key4": "### आपका प्रोग्राम क्या करता है, किसी तकनीकी भाषा में टिप्पणियों में लिखना बहुत महत्वपूर्ण है।\n\n",
    "comments_key5": "*कई बार हमने देखा है कि जो छात्र साक्षात्कार के दौरान ठीक से टिप्पणी नहीं लिखते हैं, उन्हें साक्षात्कार में बहुत नकारात्मक प्रतिक्रिया मिलती है।*\n**यदि आप इसे एक आदत बना लेंगे तो आपकी खुद की समझ में सुधार होगा और भविष्य में आपको कोई समस्या नहीं होगी।**\n"
}