{
    "basics-booleans_key1": "नाम: बूलियन\n",
    "basics-booleans_key2": "#बूलियन क्या होते हैं?\n\n\n",
    "basics-booleans_key3": "बूलियन विशेष प्रकार के स्थिरांक हैं, (अब तक हमने `Strings`, `Integers` तथा `Floats` के बारे में अध्ययन किया है)।\n",
    "basics-booleans_key4": " बूलियन मान दो प्रकार के होते हैं:\n",
    "basics-booleans_key5": "`True`\n",
    "basics-booleans_key6": "`False`\n\n\n",
    "basics-booleans_key7": "ये बूलियन मूल्य हमें कुछ दिलचस्प चीजें करने में मदद करते हैं। हम उनका उपयोग वास्तव में कुछ दिलचस्प काम करने के लिए कर सकते हैं।\n",
    "basics-booleans_key8": "अगर कोई `variable` है `True` तो हम कंप्यूटर को कुछ करने के लिए कहते हैं और अगर यह `False` है तो हम कंप्यूटर को कुछ और करने के लिए कहते हैं।\n",
    "basics-booleans_key9": "जैसा कि पता है कि इतनी समझ काफी है लेकिन हम इसका गहराई से अध्ययन करेंगे :)\n",
    "basics-booleans_key10": "# `Operators` जो बूलियन उत्तर देता है।\n\n\n",
    "basics-booleans_key11": "जब भी हम कंप्यूटर से कोई प्रश्न पूछते हैं तो हम इन प्रश्नों को पूछने के लिए कुछ विशेष प्रकार के `operators` का उपयोग करते हैं। ये `operators` हमेशा बूलियन रूप में उत्तर देते हैं अर्थात या तो ' `True` या `False` '। सभी `operators` नीचे दिए गए `tab` में सूचीबद्ध हैं।\n",
    "basics-booleans_key12": "**`Operator`**",
    "basics-booleans_key13": "**अर्थ**",
    "basics-booleans_key14": "**उदाहरण**",
    "basics-booleans_key15": "<",
    "basics-booleans_key16": "कौन सा कम है?",
    "basics-booleans_key17": "7 &lt; 6 # `False` क्यों क्योंकि 7 6 से बड़ा है<br> ६ &lt; १० # `True` क्योंकि ६ १० से कम है",
    "basics-booleans_key18": "<=",
    "basics-booleans_key19": "किसके बराबर से कम है?",
    "basics-booleans_key20": "7 &lt;= 10 #`True` क्योंकि 7 10 से कम है<br> २३ &lt;= २३ # `True` क्योंकि २३, २३ के बराबर है",
    "basics-booleans_key21": "==",
    "basics-booleans_key22": "कौन सा बराबर है?",
    "basics-booleans_key23": "varx = 10<br> varx == 10 # `True` क्योंकि varx बराबर है 10<br> 67 == 43 # `False` क्योंकि 67 43 के बराबर नहीं है",
    "basics-booleans_key24": ">=",
    "basics-booleans_key25": "किसके बराबर से बड़ा है?",
    "basics-booleans_key26": "56 &gt;= 32 # `True` क्योंकि 56 32 से बड़ा है<br> 43 &gt;= 70 # `False` क्योंकि 43 न तो बड़ा है और न ही 70 के बराबर है।",
    "basics-booleans_key27": ">",
    "basics-booleans_key28": "कौन सा बड़ा है?",
    "basics-booleans_key29": "नंबर 1 = 43<br> number1 &gt; 20 # `True` क्योंकि number1 का मान 43 है जो 20 से बड़ा है।",
    "basics-booleans_key30": "!=",
    "basics-booleans_key31": "किसके बराबर नहीं है?",
    "basics-booleans_key32": "४५ != ४५ # `False` क्योंकि ४५, ४५ के बराबर है<br> ४५ != ३४ # `True` क्योंकि ४५, ३४ के बराबर नहीं है।",
    "basics-booleans_key33": "इन सभी `operators` के साथ `Python` `shell` में खेलें। आप बेहतर समझ हासिल करेंगे।\n",
    "basics-booleans_key34": "यदि आप इन `operators` का उपयोग `Python` `shell` में करेंगे तो यह स्वतः ही अपना बूलियन उत्तर दिखाएगा।\n"
}