{
    "WhatDoComputersDo_key1": "नाम: कंप्यूटर क्या करते हैं?\n",
    "WhatDoComputersDo_key2": "हमारे मानव इतिहास में कुछ ऐसे महान अविष्कार हुए हैं जिन्होंने मनुष्य के जीवन में प्रगति की है और उसे दिशा भी प्रदान की है। Ex:**WHEEL**\n",
    "WhatDoComputersDo_key3": "मनुष्य अधिक दूरी तक भारी भार उठाने या ले जाने में सक्षम नहीं थे। यह मानव की शारीरिक सीमा के कारण था।\nWHEEL के आविष्कार से, मनुष्य बहुत भारी भार उठाने के साथ-साथ लंबी दूरी की यात्रा करने में भी सक्षम थे।\nदुनिया हमारे लिए छोटी हो गई। इसलिए, WHEEL के आविष्कार ने बहुत सारी समस्याओं का समाधान किया। अब, हम दूर रहकर अपने रिश्तेदारों से भी मिल सकते हैं और माल का परिवहन भी आसान हो गया है।\n",
    "WhatDoComputersDo_key4": "एक और महान आविष्कार जिसने मानव इतिहास में भारी बदलाव लाया-**कंप्यूटर**।\n",
    "WhatDoComputersDo_key5": "जैसे पहियों ने हमारी शारीरिक सीमाओं को हटा दिया, उसी तरह कंप्यूटर ने हमारे मस्तिष्क की क्षमता या मानसिक सीमाओं को बढ़ाने में मदद की।\n",
    "WhatDoComputersDo_key6": "मानव मस्तिष्क कई जटिल कार्यों/समस्याओं को हल कर सकता है। लेकिन अगर हमारा दिमाग लगातार इन जटिल समस्याओं को सुलझाता है तो हमारा दिमाग थकने या ऊबने लगेगा। हमारा दिमाग गलतियां करने लगेगा और हमारे लिए समस्या का समाधान करना मुश्किल हो जाएगा।\n",
    "WhatDoComputersDo_key7": "जिस तरह पहियों ने हमारी शारीरिक सीमाओं को दूर किया, उसी तरह कंप्यूटर के आविष्कार ने हमारी मानसिक सीमाओं को दूर करने में मदद की। कंप्यूटर को निर्देश देकर हम उनसे बिना कोई गलती किए और बिना थके लगातार जटिल कार्य कर सकते हैं।\n",
    "WhatDoComputersDo_key8": "कंप्यूटर का अपना दिमाग नहीं होता है इसलिए वे सोच नहीं सकते हैं, हमें उन्हें किसी भी जटिल समस्या को हल करने के लिए निर्देश देना होगा।\n",
    "WhatDoComputersDo_key9": "**निम्न प्रश्नों को पढ़ें और खोजें।**\n- आपने कंप्यूटर के बारे में क्या सीखा?\n-- कंप्यूटर के `applications` क्या हैं? ये `applications` किस प्रकार की समस्याओं का समाधान करते हैं? सोचें कि इन `applications` के लिए कंप्यूटरों को किस तरह के निर्देश दिए गए थे?\n"
}