{
    "WhatIsProgramming_key1": "नाम: प्रोग्रामिंग क्या है?\n",
    "WhatIsProgramming_key2": "कंप्यूटर को** निर्देश** देकर, हम कंप्यूटर को जटिल समस्याओं का समाधान करवा सकते हैं।\n",
    "WhatIsProgramming_key3": "कंप्यूटर को दिए गए **निर्देशों** के सेट को **प्रोग्राम** कहा जाता है।\nकंप्यूटर को निर्देश देने की प्रक्रिया **प्रोग्रामिंग** कहलाती है।\n",
    "WhatIsProgramming_key4": "क्या यह सरल नहीं लगता कि हम कंप्यूटर को निर्देश (प्रोग्राम) देते हैं और कंप्यूटर एक जटिल समस्या को हल करने के लिए इन निर्देशों का पालन करता है। कंप्यूटर को निर्देश देना प्रोग्रामिंग कहलाता है। :)\n",
    "WhatIsProgramming_key5": "लेकिन एक छोटी सी समस्या है।\n",
    "WhatIsProgramming_key6": "कंप्यूटर हमारी भाषा (हिंदी, तमिल, कन्नड़) की तरह नहीं समझ सकते हैं। कंप्यूटर केवल मशीनी भाषा को समझ सकते हैं जो 0 और 1 से बनी है। इसलिए, मशीनी भाषा में कंप्यूटर के साथ संवाद करना हमारे लिए मुश्किल हो जाता है।\n",
    "WhatIsProgramming_key7": "फिर हम कंप्यूटर को निर्देश कैसे दे सकते हैं?\n",
    "WhatIsProgramming_key8": "इसलिए, इस समस्या को हल करने के लिए हमने कुछ भाषाएं (Java, `Python`, Javascript) बनाई ताकि हम कंप्यूटर को आसानी से निर्देश दे सकें। कंप्यूटर इन भाषाओं को `compiler` नामक एक अन्य प्रोग्राम की मदद से आसानी से मशीनी भाषा में बदल सकते हैं।",
    "WhatIsProgramming_key9": "कंप्यूटर को निर्देश देने के लिए हमें इनमें से कोई भी भाषा सीखनी होगी। इस कोर्स में हम `python` भाषा सीखेंगे।\n",
    "WhatIsProgramming_key10": "हम कंप्यूटर को निर्देश देने के लिए `python` भाषा का प्रयोग करेंगे।\n",
    "WhatIsProgramming_key11": "**असाइनमेंट**\n",
    "WhatIsProgramming_key12": "क्या आपने कभी किसी को निर्देश दिए हैं या किसी से निर्देश लिए हैं। क्या हम इसे **कार्यक्रम** कह सकते हैं?\n",
    "WhatIsProgramming_key13": "  `Python` भाषा और इसकी `applications` खोजें? विश्व में कितने लोग Java का उपयोग करते हैं?\n"
}