{
	"ipython_key1": "# Now we will learn about `iPython` \n\n\n",
	"ipython_key2": "Here we will learn about, what is `ipython`  and why do we use it?\n",
	"ipython_key3": "When you write   `python` on the `Terminal` , then   *`python` `shell`* opens on the `Terminal`. You write your `python` `code`  on the *`python` `shell`* to run it.\n`iPython` also does the same work but it provides some extra features.Some of those features we will study below:\n",
	"ipython_key4": "## Difference between `python` and `iPython`\n\n",
	"ipython_key5": "### First with `iPython` \n\n",
	"ipython_key6": "First on the `Terminal` write `ipython` and press *Enter* .\nNow ,write  `cd Downloads` in it and press*Enter*.\nThen write `ls` and press *Enter* .\nYou will be able to see all the **folder and `files`** that you kept under Downloads folder .\nNow to come outside the `iPython` `shell` write `quit` linside the `shell` and press **Enter** .\n",
	"ipython_key7": "### Now we will do the same thing with `python` \n\n\n",
	"ipython_key8": "Write  `ipython` on the `Terminal` and press  **Enter**\n",
	"ipython_key9": "Now write `cd Downloads` and press  **Enter**.\n",
	"ipython_key10": "You will be able to see something like this on the `Terminal`?\nWhich means you cannot go to the **Downloads** folder  with the help of  **`python` `shell`**.\n",
	"ipython_key11": "For this you need to come out of the **`python` `shell`** and for that you need to type `quit` on the  **`python` `shell`**.\n",
	"ipython_key12": "Now after coming outside type `cd Downloads` and then type  `ls` you will be able to see whatever is present in  Downloads .\n",
	"ipython_key13": "You cannot change your **folder** by using normal **`python` `shell`** .For that you need to come out of the  **`python` `shell`**.But you can easily change the **folder** inside these `python` `shell` so that you don't need to come out of the **`iPython` `shell`** .\n",
	"ipython_key14": "And when you will type in **`python` `shell`**.\n",
	"ipython_key15": "Then note that the cursor (**|**) comes without any space after this '...' .\nBut if you will type it in **`iPython` `shell`** then it will show like this.\n",
	"ipython_key16": "Then you will see that the cursor(**|**) comes after some spaces.\nWe call this as **`Indentation`** . When you will write the `code` for the first time **50% `error`** will be there because of lack of **`Indentation`** .\nHence ,`iPython` makes the life of an engineer very easy by providing extra features.\n",
	"ipython_key17": "When `iPython` opens you can write  `code` in it.If you are copy pasting the `code` from somewhere then press `Ctrl + C` to copy paste and open `iPython` and type `%paste` for pasting the `code`.\n",
	"ipython_key18": "## Very Important Rules\n\n",
	"ipython_key19": "Run each and every example on `iPython` `shell`.If you don't do this you will make a fool of yourself.\n",
	"ipython_key20": "To copy-paste and run the `code` will not help you in understanding the `code`.You have to run each and every `code` by yourself.\n",
	"ipython_key21": "Words written in UPPER CASE or **bold letters** are very important . Learn them ,you will come across them many times. \n",
	"ipython_key22": "During the course You need to answer some questions at times. To answer those questions you can always `upload` a `file`.\n\n\n",
	"ipython_key23": "## Some `Code` Samples\n\n\n",
	"ipython_key24": "In this section some `code` samples are given. To get comfor`tab`le with `iPython` ,you can run them on `ipython`.\n",
	"ipython_key25": "### Example 1\n\n\n",
	"ipython_key26": "### Example 2\n\n\n"
}